{"cameraMode":{"drawMode":0,"name":"Shaded","section":"Shading Mode"},"sceneLighting":true,"audioPlay":false,"sceneViewState":{"showFog":true,"showMaterialUpdate":false,"showSkybox":true,"showFlares":true,"showImageEffects":true,"showParticleSystems":true},"in2DMode":false,"pivot":{"x":-30.259521484375,"y":24.921875,"z":13.59375},"rotation":{"x":-0.08180702477693558,"y":0.0020846077241003515,"z":-0.00018190323316957802,"w":-0.9966665506362915},"size":88.40576934814453,"orthographic":true}