{"cameraMode":{"drawMode":0,"name":"Shaded","section":"Shading Mode"},"sceneLighting":true,"audioPlay":false,"sceneViewState":{"showFog":true,"showMaterialUpdate":false,"showSkybox":true,"showFlares":true,"showImageEffects":true,"showParticleSystems":true},"in2DMode":false,"pivot":{"x":303.62530517578127,"y":27.901199340820314,"z":-5.691131591796875},"rotation":{"x":0.30138078331947329,"y":0.03145444020628929,"z":-0.009946511127054692,"w":0.9529392719268799},"size":435.89923095703127,"orthographic":false}