{"cameraMode":{"drawMode":0,"name":"Shaded","section":"Shading Mode"},"sceneLighting":true,"audioPlay":false,"sceneViewState":{"showFog":true,"showMaterialUpdate":false,"showSkybox":true,"showFlares":true,"showImageEffects":true,"showParticleSystems":true},"in2DMode":false,"pivot":{"x":7.916013240814209,"y":2.9223790168762209,"z":8.19681167602539},"rotation":{"x":0.7081658840179443,"y":0.0010590910678729416,"z":-0.0010622304398566485,"w":0.7060442566871643},"size":15.931632041931153,"orthographic":false}