{"cameraMode":{"drawMode":0,"name":"Shaded","section":"Shading Mode"},"sceneLighting":true,"audioPlay":false,"sceneViewState":{"showFog":true,"showMaterialUpdate":false,"showSkybox":true,"showFlares":true,"showImageEffects":true,"showParticleSystems":true},"in2DMode":false,"pivot":{"x":7.541067600250244,"y":2.143522024154663,"z":-2.7448081970214845},"rotation":{"x":0.3794442117214203,"y":-0.03142637386918068,"z":0.012799196876585484,"w":0.924669086933136},"size":11.272823333740235,"orthographic":false}