{"cameraMode":{"drawMode":0,"name":"Shaded","section":"Shading Mode"},"sceneLighting":true,"audioPlay":false,"sceneViewState":{"showFog":true,"showMaterialUpdate":false,"showSkybox":true,"showFlares":true,"showImageEffects":true,"showParticleSystems":true},"in2DMode":false,"pivot":{"x":15.297852516174317,"y":3.5236055850982668,"z":1.668883204460144},"rotation":{"x":0.2746807038784027,"y":-0.5123865008354187,"z":0.17721498012542725,"w":0.794132649898529},"size":11.4472017288208,"orthographic":false}