{"cameraMode":{"drawMode":0,"name":"Shaded","section":"Shading Mode"},"sceneLighting":true,"audioPlay":false,"sceneViewState":{"showFog":true,"showMaterialUpdate":false,"showSkybox":true,"showFlares":true,"showImageEffects":true,"showParticleSystems":true},"in2DMode":false,"pivot":{"x":-39.60428237915039,"y":-18.786874771118165,"z":-88.50971984863281},"rotation":{"x":-0.024020660668611528,"y":0.9715802073478699,"z":-0.11211661249399185,"w":-0.20765677094459535},"size":93.21773529052735,"orthographic":false}