{"cameraMode":{"drawMode":0,"name":"Shaded","section":"Shading Mode"},"sceneLighting":true,"audioPlay":false,"sceneViewState":{"showFog":true,"showMaterialUpdate":false,"showSkybox":true,"showFlares":true,"showImageEffects":true,"showParticleSystems":true},"in2DMode":false,"pivot":{"x":4.171408653259277,"y":4.977459907531738,"z":-15.695892333984375},"rotation":{"x":0.40151867270469668,"y":0.18422596156597138,"z":-0.0828143060207367,"w":0.893357515335083},"size":18.877641677856447,"orthographic":false}