{"cameraMode":{"drawMode":0,"name":"Shaded","section":"Shading Mode"},"sceneLighting":true,"audioPlay":false,"sceneViewState":{"showFog":true,"showMaterialUpdate":false,"showSkybox":true,"showFlares":true,"showImageEffects":true,"showParticleSystems":true},"in2DMode":false,"pivot":{"x":9.313043594360352,"y":-47.928672790527347,"z":72.28849029541016},"rotation":{"x":-0.26473018527030947,"y":-0.007487152237445116,"z":0.0020892228931188585,"w":-0.9644141793251038},"size":106.6933364868164,"orthographic":false}