{"cameraMode":{"drawMode":0,"name":"Shaded","section":"Shading Mode"},"sceneLighting":true,"audioPlay":false,"sceneViewState":{"showFog":true,"showMaterialUpdate":false,"showSkybox":false,"showFlares":true,"showImageEffects":true,"showParticleSystems":true},"in2DMode":false,"pivot":{"x":-9.333000183105469,"y":6.46299934387207,"z":-30.7239990234375},"rotation":{"x":0.05068757385015488,"y":-0.6320520639419556,"z":0.041268110275268558,"w":0.7723370790481567},"size":40.010372161865237,"orthographic":false}