{"cameraMode":{"drawMode":0,"name":"Shaded","section":"Shading Mode"},"sceneLighting":true,"audioPlay":false,"sceneViewState":{"showFog":true,"showMaterialUpdate":false,"showSkybox":true,"showFlares":true,"showImageEffects":true,"showParticleSystems":true},"in2DMode":false,"pivot":{"x":6.484959602355957,"y":1.1752722263336182,"z":-7.262994766235352},"rotation":{"x":-0.08884640783071518,"y":0.2711484134197235,"z":-0.024948319420218469,"w":-0.9582551717758179},"size":5.202392101287842,"orthographic":false}