{"cameraMode":{"drawMode":0,"name":"Shaded","section":"Shading Mode"},"sceneLighting":true,"audioPlay":false,"sceneViewState":{"showFog":true,"showMaterialUpdate":false,"showSkybox":true,"showFlares":true,"showImageEffects":true,"showParticleSystems":true},"in2DMode":false,"pivot":{"x":8.973981857299805,"y":4.5469865798950199,"z":16.524986267089845},"rotation":{"x":0.02746373601257801,"y":0.9185790419578552,"z":-0.3889104127883911,"w":0.06486735492944718},"size":6.459658145904541,"orthographic":false}