{"cameraMode":{"drawMode":0,"name":"Shaded","section":"Shading Mode"},"sceneLighting":true,"audioPlay":false,"sceneViewState":{"showFog":true,"showMaterialUpdate":false,"showSkybox":true,"showFlares":true,"showImageEffects":true,"showParticleSystems":true},"in2DMode":false,"pivot":{"x":1.0252145528793336,"y":8.83780288696289,"z":-7.602959156036377},"rotation":{"x":0.2800460457801819,"y":-0.11342453211545944,"z":0.03334056958556175,"w":0.9526928663253784},"size":7.902491569519043,"orthographic":false}