{"cameraMode":{"drawMode":0,"name":"Shaded","section":"Shading Mode"},"sceneLighting":true,"audioPlay":false,"sceneViewState":{"showFog":true,"showMaterialUpdate":false,"showSkybox":true,"showFlares":true,"showImageEffects":true,"showParticleSystems":true},"in2DMode":false,"pivot":{"x":8.036975860595704,"y":-44.93853759765625,"z":74.08384704589844},"rotation":{"x":-0.26473018527030947,"y":-0.007487152237445116,"z":0.0020892228931188585,"w":-0.9644141793251038},"size":145.19488525390626,"orthographic":false}